{"cameraMode":{"drawMode":0,"name":"Shaded","section":"Shading Mode"},"sceneLighting":true,"audioPlay":false,"sceneViewState":{"m_AlwaysRefresh":false,"showFog":true,"showSkybox":true,"showFlares":true,"showImageEffects":true,"showParticleSystems":true,"showVisualEffectGraphs":true,"m_FxEnabled":true},"in2DMode":false,"pivot":{"x":-27.767852783203126,"y":-3.692601203918457,"z":80.62883758544922},"rotation":{"x":0.05504975840449333,"y":-0.16402409970760346,"z":0.009030410088598729,"w":0.9849840998649597},"size":44.53830337524414,"orthographic":false}